"","datetime","date","time","weekday","actual"
"1",2017-01-01 12:00:00,"2017-01-01","12:00:00","Sunday",19
"2",2017-01-01 13:00:00,"2017-01-01","13:00:00","Sunday",30
"3",2017-01-01 14:00:00,"2017-01-01","14:00:00","Sunday",12
"4",2017-01-01 15:00:00,"2017-01-01","15:00:00","Sunday",16
"5",2017-01-01 16:00:00,"2017-01-01","16:00:00","Sunday",13
"6",2017-01-01 17:00:00,"2017-01-01","17:00:00","Sunday",15
"7",2017-01-01 18:00:00,"2017-01-01","18:00:00","Sunday",15
"8",2017-01-01 19:00:00,"2017-01-01","19:00:00","Sunday",21
"9",2017-01-01 20:00:00,"2017-01-01","20:00:00","Sunday",21
"10",2017-01-01 21:00:00,"2017-01-01","21:00:00","Sunday",29
"11",2017-01-01 22:00:00,"2017-01-01","22:00:00","Sunday",35
"12",2017-01-01 23:00:00,"2017-01-01","23:00:00","Sunday",55
"13",2017-01-02 00:00:00,"2017-01-02","00:00:00","Monday",66
"14",2017-01-02 01:00:00,"2017-01-02","01:00:00","Monday",65
"15",2017-01-02 02:00:00,"2017-01-02","02:00:00","Monday",69
"16",2017-01-02 03:00:00,"2017-01-02","03:00:00","Monday",62
"17",2017-01-02 04:00:00,"2017-01-02","04:00:00","Monday",73
"18",2017-01-02 05:00:00,"2017-01-02","05:00:00","Monday",64
"19",2017-01-02 06:00:00,"2017-01-02","06:00:00","Monday",63
"20",2017-01-02 07:00:00,"2017-01-02","07:00:00","Monday",55
"21",2017-01-02 08:00:00,"2017-01-02","08:00:00","Monday",45
"22",2017-01-02 09:00:00,"2017-01-02","09:00:00","Monday",32
"23",2017-01-02 10:00:00,"2017-01-02","10:00:00","Monday",29
"24",2017-01-02 11:00:00,"2017-01-02","11:00:00","Monday",28
"25",2017-01-02 12:00:00,"2017-01-02","12:00:00","Monday",22
"26",2017-01-02 13:00:00,"2017-01-02","13:00:00","Monday",15
"27",2017-01-02 14:00:00,"2017-01-02","14:00:00","Monday",14
"28",2017-01-02 15:00:00,"2017-01-02","15:00:00","Monday",17
"29",2017-01-02 16:00:00,"2017-01-02","16:00:00","Monday",14
"30",2017-01-02 17:00:00,"2017-01-02","17:00:00","Monday",13
"31",2017-01-02 18:00:00,"2017-01-02","18:00:00","Monday",18
"32",2017-01-02 19:00:00,"2017-01-02","19:00:00","Monday",41
"33",2017-01-02 20:00:00,"2017-01-02","20:00:00","Monday",46
"34",2017-01-02 21:00:00,"2017-01-02","21:00:00","Monday",37
"35",2017-01-02 22:00:00,"2017-01-02","22:00:00","Monday",52
"36",2017-01-02 23:00:00,"2017-01-02","23:00:00","Monday",54
"37",2017-01-03 00:00:00,"2017-01-03","00:00:00","Tuesday",66
"38",2017-01-03 01:00:00,"2017-01-03","01:00:00","Tuesday",69
"39",2017-01-03 02:00:00,"2017-01-03","02:00:00","Tuesday",83
"40",2017-01-03 03:00:00,"2017-01-03","03:00:00","Tuesday",102
"41",2017-01-03 04:00:00,"2017-01-03","04:00:00","Tuesday",92
"42",2017-01-03 05:00:00,"2017-01-03","05:00:00","Tuesday",80
"43",2017-01-03 06:00:00,"2017-01-03","06:00:00","Tuesday",71
"44",2017-01-03 07:00:00,"2017-01-03","07:00:00","Tuesday",64
"45",2017-01-03 08:00:00,"2017-01-03","08:00:00","Tuesday",54
"46",2017-01-03 09:00:00,"2017-01-03","09:00:00","Tuesday",40
"47",2017-01-03 10:00:00,"2017-01-03","10:00:00","Tuesday",31
"48",2017-01-03 11:00:00,"2017-01-03","11:00:00","Tuesday",28
"49",2017-01-03 12:00:00,"2017-01-03","12:00:00","Tuesday",23
"50",2017-01-03 13:00:00,"2017-01-03","13:00:00","Tuesday",18
"51",2017-01-03 14:00:00,"2017-01-03","14:00:00","Tuesday",16
"52",2017-01-03 15:00:00,"2017-01-03","15:00:00","Tuesday",16
"53",2017-01-03 16:00:00,"2017-01-03","16:00:00","Tuesday",18
"54",2017-01-03 17:00:00,"2017-01-03","17:00:00","Tuesday",21
"55",2017-01-03 18:00:00,"2017-01-03","18:00:00","Tuesday",53
"56",2017-01-03 19:00:00,"2017-01-03","19:00:00","Tuesday",116
"57",2017-01-03 20:00:00,"2017-01-03","20:00:00","Tuesday",97
"58",2017-01-03 21:00:00,"2017-01-03","21:00:00","Tuesday",74
"59",2017-01-03 22:00:00,"2017-01-03","22:00:00","Tuesday",65
"60",2017-01-03 23:00:00,"2017-01-03","23:00:00","Tuesday",85
"61",2017-01-04 00:00:00,"2017-01-04","00:00:00","Wednesday",84
"62",2017-01-04 01:00:00,"2017-01-04","01:00:00","Wednesday",85
"63",2017-01-04 02:00:00,"2017-01-04","02:00:00","Wednesday",107
"64",2017-01-04 03:00:00,"2017-01-04","03:00:00","Wednesday",152
"65",2017-01-04 04:00:00,"2017-01-04","04:00:00","Wednesday",214
"66",2017-01-04 05:00:00,"2017-01-04","05:00:00","Wednesday",339
"67",2017-01-04 06:00:00,"2017-01-04","06:00:00","Wednesday",147
"68",2017-01-04 07:00:00,"2017-01-04","07:00:00","Wednesday",66
"69",2017-01-04 08:00:00,"2017-01-04","08:00:00","Wednesday",51
"70",2017-01-04 09:00:00,"2017-01-04","09:00:00","Wednesday",56
"71",2017-01-04 10:00:00,"2017-01-04","10:00:00","Wednesday",39
"72",2017-01-04 11:00:00,"2017-01-04","11:00:00","Wednesday",31
"73",2017-01-04 12:00:00,"2017-01-04","12:00:00","Wednesday",27
"74",2017-01-04 13:00:00,"2017-01-04","13:00:00","Wednesday",15
"75",2017-01-04 14:00:00,"2017-01-04","14:00:00","Wednesday",17
"76",2017-01-04 15:00:00,"2017-01-04","15:00:00","Wednesday",21
"77",2017-01-04 16:00:00,"2017-01-04","16:00:00","Wednesday",17
"78",2017-01-04 17:00:00,"2017-01-04","17:00:00","Wednesday",23
"79",2017-01-04 18:00:00,"2017-01-04","18:00:00","Wednesday",57
"80",2017-01-04 19:00:00,"2017-01-04","19:00:00","Wednesday",117
"81",2017-01-04 20:00:00,"2017-01-04","20:00:00","Wednesday",99
"82",2017-01-04 21:00:00,"2017-01-04","21:00:00","Wednesday",66
"83",2017-01-04 22:00:00,"2017-01-04","22:00:00","Wednesday",78
"84",2017-01-04 23:00:00,"2017-01-04","23:00:00","Wednesday",93
"85",2017-01-05 00:00:00,"2017-01-05","00:00:00","Thursday",90
"86",2017-01-05 01:00:00,"2017-01-05","01:00:00","Thursday",86
"87",2017-01-05 02:00:00,"2017-01-05","02:00:00","Thursday",104
"88",2017-01-05 03:00:00,"2017-01-05","03:00:00","Thursday",146
"89",2017-01-05 04:00:00,"2017-01-05","04:00:00","Thursday",258
"90",2017-01-05 05:00:00,"2017-01-05","05:00:00","Thursday",285
"91",2017-01-05 06:00:00,"2017-01-05","06:00:00","Thursday",131
"92",2017-01-05 07:00:00,"2017-01-05","07:00:00","Thursday",84
"93",2017-01-05 08:00:00,"2017-01-05","08:00:00","Thursday",64
"94",2017-01-05 09:00:00,"2017-01-05","09:00:00","Thursday",94
"95",2017-01-05 10:00:00,"2017-01-05","10:00:00","Thursday",43
"96",2017-01-05 11:00:00,"2017-01-05","11:00:00","Thursday",37
"97",2017-01-05 12:00:00,"2017-01-05","12:00:00","Thursday",18
"98",2017-01-05 13:00:00,"2017-01-05","13:00:00","Thursday",16
"99",2017-01-05 14:00:00,"2017-01-05","14:00:00","Thursday",14
"100",2017-01-05 15:00:00,"2017-01-05","15:00:00","Thursday",19
"101",2017-01-05 16:00:00,"2017-01-05","16:00:00","Thursday",14
"102",2017-01-05 17:00:00,"2017-01-05","17:00:00","Thursday",20
"103",2017-01-05 18:00:00,"2017-01-05","18:00:00","Thursday",69
"104",2017-01-05 19:00:00,"2017-01-05","19:00:00","Thursday",107
"105",2017-01-05 20:00:00,"2017-01-05","20:00:00","Thursday",101
"106",2017-01-05 21:00:00,"2017-01-05","21:00:00","Thursday",97
"107",2017-01-05 22:00:00,"2017-01-05","22:00:00","Thursday",65
"108",2017-01-05 23:00:00,"2017-01-05","23:00:00","Thursday",87
"109",2017-01-06 00:00:00,"2017-01-06","00:00:00","Friday",81
"110",2017-01-06 01:00:00,"2017-01-06","01:00:00","Friday",108
"111",2017-01-06 02:00:00,"2017-01-06","02:00:00","Friday",89
"112",2017-01-06 03:00:00,"2017-01-06","03:00:00","Friday",146
"113",2017-01-06 04:00:00,"2017-01-06","04:00:00","Friday",236
"114",2017-01-06 05:00:00,"2017-01-06","05:00:00","Friday",271
"115",2017-01-06 06:00:00,"2017-01-06","06:00:00","Friday",161
"116",2017-01-06 07:00:00,"2017-01-06","07:00:00","Friday",95
"117",2017-01-06 08:00:00,"2017-01-06","08:00:00","Friday",47
"118",2017-01-06 09:00:00,"2017-01-06","09:00:00","Friday",49
"119",2017-01-06 10:00:00,"2017-01-06","10:00:00","Friday",37
"120",2017-01-06 11:00:00,"2017-01-06","11:00:00","Friday",26
"121",2017-01-06 12:00:00,"2017-01-06","12:00:00","Friday",27
"122",2017-01-06 13:00:00,"2017-01-06","13:00:00","Friday",13
"123",2017-01-06 14:00:00,"2017-01-06","14:00:00","Friday",20
"124",2017-01-06 15:00:00,"2017-01-06","15:00:00","Friday",19
"125",2017-01-06 16:00:00,"2017-01-06","16:00:00","Friday",18
"126",2017-01-06 17:00:00,"2017-01-06","17:00:00","Friday",21
"127",2017-01-06 18:00:00,"2017-01-06","18:00:00","Friday",49
"128",2017-01-06 19:00:00,"2017-01-06","19:00:00","Friday",95
"129",2017-01-06 20:00:00,"2017-01-06","20:00:00","Friday",95
"130",2017-01-06 21:00:00,"2017-01-06","21:00:00","Friday",90
"131",2017-01-06 22:00:00,"2017-01-06","22:00:00","Friday",63
"132",2017-01-06 23:00:00,"2017-01-06","23:00:00","Friday",82
"133",2017-01-07 00:00:00,"2017-01-07","00:00:00","Saturday",97
"134",2017-01-07 01:00:00,"2017-01-07","01:00:00","Saturday",85
"135",2017-01-07 02:00:00,"2017-01-07","02:00:00","Saturday",108
"136",2017-01-07 03:00:00,"2017-01-07","03:00:00","Saturday",189
"137",2017-01-07 04:00:00,"2017-01-07","04:00:00","Saturday",224
"138",2017-01-07 05:00:00,"2017-01-07","05:00:00","Saturday",279
"139",2017-01-07 06:00:00,"2017-01-07","06:00:00","Saturday",140
"140",2017-01-07 07:00:00,"2017-01-07","07:00:00","Saturday",82
"141",2017-01-07 08:00:00,"2017-01-07","08:00:00","Saturday",59
"142",2017-01-07 09:00:00,"2017-01-07","09:00:00","Saturday",53
"143",2017-01-07 10:00:00,"2017-01-07","10:00:00","Saturday",38
"144",2017-01-07 11:00:00,"2017-01-07","11:00:00","Saturday",32
"145",2017-01-07 12:00:00,"2017-01-07","12:00:00","Saturday",25
"146",2017-01-07 13:00:00,"2017-01-07","13:00:00","Saturday",18
"147",2017-01-07 14:00:00,"2017-01-07","14:00:00","Saturday",16
"148",2017-01-07 15:00:00,"2017-01-07","15:00:00","Saturday",19
"149",2017-01-07 16:00:00,"2017-01-07","16:00:00","Saturday",17
"150",2017-01-07 17:00:00,"2017-01-07","17:00:00","Saturday",16
"151",2017-01-07 18:00:00,"2017-01-07","18:00:00","Saturday",31
"152",2017-01-07 19:00:00,"2017-01-07","19:00:00","Saturday",28
"153",2017-01-07 20:00:00,"2017-01-07","20:00:00","Saturday",74
"154",2017-01-07 21:00:00,"2017-01-07","21:00:00","Saturday",69
"155",2017-01-07 22:00:00,"2017-01-07","22:00:00","Saturday",75
"156",2017-01-07 23:00:00,"2017-01-07","23:00:00","Saturday",78
"157",2017-01-08 00:00:00,"2017-01-08","00:00:00","Sunday",97
"158",2017-01-08 01:00:00,"2017-01-08","01:00:00","Sunday",94
"159",2017-01-08 02:00:00,"2017-01-08","02:00:00","Sunday",110
"160",2017-01-08 03:00:00,"2017-01-08","03:00:00","Sunday",108
"161",2017-01-08 04:00:00,"2017-01-08","04:00:00","Sunday",92
"162",2017-01-08 05:00:00,"2017-01-08","05:00:00","Sunday",98
"163",2017-01-08 06:00:00,"2017-01-08","06:00:00","Sunday",66
"164",2017-01-08 07:00:00,"2017-01-08","07:00:00","Sunday",62
"165",2017-01-08 08:00:00,"2017-01-08","08:00:00","Sunday",50
"166",2017-01-08 09:00:00,"2017-01-08","09:00:00","Sunday",48
"167",2017-01-08 10:00:00,"2017-01-08","10:00:00","Sunday",51
"168",2017-01-08 11:00:00,"2017-01-08","11:00:00","Sunday",32
"169",2017-01-08 12:00:00,"2017-01-08","12:00:00","Sunday",20
"170",2017-01-08 13:00:00,"2017-01-08","13:00:00","Sunday",18
"171",2017-01-08 14:00:00,"2017-01-08","14:00:00","Sunday",16
"172",2017-01-08 15:00:00,"2017-01-08","15:00:00","Sunday",14
"173",2017-01-08 16:00:00,"2017-01-08","16:00:00","Sunday",16
"174",2017-01-08 17:00:00,"2017-01-08","17:00:00","Sunday",14
"175",2017-01-08 18:00:00,"2017-01-08","18:00:00","Sunday",23
"176",2017-01-08 19:00:00,"2017-01-08","19:00:00","Sunday",17
"177",2017-01-08 20:00:00,"2017-01-08","20:00:00","Sunday",33
"178",2017-01-08 21:00:00,"2017-01-08","21:00:00","Sunday",39
"179",2017-01-08 22:00:00,"2017-01-08","22:00:00","Sunday",41
"180",2017-01-08 23:00:00,"2017-01-08","23:00:00","Sunday",56
"181",2017-01-09 00:00:00,"2017-01-09","00:00:00","Monday",52
"182",2017-01-09 01:00:00,"2017-01-09","01:00:00","Monday",67
"183",2017-01-09 02:00:00,"2017-01-09","02:00:00","Monday",59
"184",2017-01-09 03:00:00,"2017-01-09","03:00:00","Monday",71
"185",2017-01-09 04:00:00,"2017-01-09","04:00:00","Monday",86
"186",2017-01-09 05:00:00,"2017-01-09","05:00:00","Monday",66
"187",2017-01-09 06:00:00,"2017-01-09","06:00:00","Monday",53
"188",2017-01-09 07:00:00,"2017-01-09","07:00:00","Monday",39
"189",2017-01-09 08:00:00,"2017-01-09","08:00:00","Monday",46
"190",2017-01-09 09:00:00,"2017-01-09","09:00:00","Monday",35
"191",2017-01-09 10:00:00,"2017-01-09","10:00:00","Monday",29
"192",2017-01-09 11:00:00,"2017-01-09","11:00:00","Monday",16
"193",2017-01-09 12:00:00,"2017-01-09","12:00:00","Monday",24
"194",2017-01-09 13:00:00,"2017-01-09","13:00:00","Monday",14
"195",2017-01-09 14:00:00,"2017-01-09","14:00:00","Monday",18
"196",2017-01-09 15:00:00,"2017-01-09","15:00:00","Monday",16
"197",2017-01-09 16:00:00,"2017-01-09","16:00:00","Monday",14
"198",2017-01-09 17:00:00,"2017-01-09","17:00:00","Monday",23
"199",2017-01-09 18:00:00,"2017-01-09","18:00:00","Monday",46
"200",2017-01-09 19:00:00,"2017-01-09","19:00:00","Monday",107
"201",2017-01-09 20:00:00,"2017-01-09","20:00:00","Monday",100
"202",2017-01-09 21:00:00,"2017-01-09","21:00:00","Monday",81
"203",2017-01-09 22:00:00,"2017-01-09","22:00:00","Monday",73
"204",2017-01-09 23:00:00,"2017-01-09","23:00:00","Monday",75
"205",2017-01-10 00:00:00,"2017-01-10","00:00:00","Tuesday",79
"206",2017-01-10 01:00:00,"2017-01-10","01:00:00","Tuesday",95
"207",2017-01-10 02:00:00,"2017-01-10","02:00:00","Tuesday",96
"208",2017-01-10 03:00:00,"2017-01-10","03:00:00","Tuesday",151
"209",2017-01-10 04:00:00,"2017-01-10","04:00:00","Tuesday",221
"210",2017-01-10 05:00:00,"2017-01-10","05:00:00","Tuesday",284
"211",2017-01-10 06:00:00,"2017-01-10","06:00:00","Tuesday",130
"212",2017-01-10 07:00:00,"2017-01-10","07:00:00","Tuesday",79
"213",2017-01-10 08:00:00,"2017-01-10","08:00:00","Tuesday",63
"214",2017-01-10 09:00:00,"2017-01-10","09:00:00","Tuesday",36
"215",2017-01-10 10:00:00,"2017-01-10","10:00:00","Tuesday",35
"216",2017-01-10 11:00:00,"2017-01-10","11:00:00","Tuesday",31
"217",2017-01-10 12:00:00,"2017-01-10","12:00:00","Tuesday",23
"218",2017-01-10 13:00:00,"2017-01-10","13:00:00","Tuesday",21
"219",2017-01-10 14:00:00,"2017-01-10","14:00:00","Tuesday",18
"220",2017-01-10 15:00:00,"2017-01-10","15:00:00","Tuesday",16
"221",2017-01-10 16:00:00,"2017-01-10","16:00:00","Tuesday",17
"222",2017-01-10 17:00:00,"2017-01-10","17:00:00","Tuesday",22
"223",2017-01-10 18:00:00,"2017-01-10","18:00:00","Tuesday",56
"224",2017-01-10 19:00:00,"2017-01-10","19:00:00","Tuesday",105
"225",2017-01-10 20:00:00,"2017-01-10","20:00:00","Tuesday",104
"226",2017-01-10 21:00:00,"2017-01-10","21:00:00","Tuesday",89
"227",2017-01-10 22:00:00,"2017-01-10","22:00:00","Tuesday",82
"228",2017-01-10 23:00:00,"2017-01-10","23:00:00","Tuesday",70
"229",2017-01-11 00:00:00,"2017-01-11","00:00:00","Wednesday",94
"230",2017-01-11 01:00:00,"2017-01-11","01:00:00","Wednesday",91
"231",2017-01-11 02:00:00,"2017-01-11","02:00:00","Wednesday",108
"232",2017-01-11 03:00:00,"2017-01-11","03:00:00","Wednesday",135
"233",2017-01-11 04:00:00,"2017-01-11","04:00:00","Wednesday",203
"234",2017-01-11 05:00:00,"2017-01-11","05:00:00","Wednesday",221
"235",2017-01-11 06:00:00,"2017-01-11","06:00:00","Wednesday",115
"236",2017-01-11 07:00:00,"2017-01-11","07:00:00","Wednesday",56
"237",2017-01-11 08:00:00,"2017-01-11","08:00:00","Wednesday",48
"238",2017-01-11 09:00:00,"2017-01-11","09:00:00","Wednesday",39
"239",2017-01-11 10:00:00,"2017-01-11","10:00:00","Wednesday",32
"240",2017-01-11 11:00:00,"2017-01-11","11:00:00","Wednesday",35
"241",2017-01-11 12:00:00,"2017-01-11","12:00:00","Wednesday",24
"242",2017-01-11 13:00:00,"2017-01-11","13:00:00","Wednesday",14
"243",2017-01-11 14:00:00,"2017-01-11","14:00:00","Wednesday",12
"244",2017-01-11 15:00:00,"2017-01-11","15:00:00","Wednesday",15
"245",2017-01-11 16:00:00,"2017-01-11","16:00:00","Wednesday",14
"246",2017-01-11 17:00:00,"2017-01-11","17:00:00","Wednesday",16
"247",2017-01-11 18:00:00,"2017-01-11","18:00:00","Wednesday",45
"248",2017-01-11 19:00:00,"2017-01-11","19:00:00","Wednesday",81
"249",2017-01-11 20:00:00,"2017-01-11","20:00:00","Wednesday",87
"250",2017-01-11 21:00:00,"2017-01-11","21:00:00","Wednesday",102
"251",2017-01-11 22:00:00,"2017-01-11","22:00:00","Wednesday",83
"252",2017-01-11 23:00:00,"2017-01-11","23:00:00","Wednesday",90
"253",2017-01-12 00:00:00,"2017-01-12","00:00:00","Thursday",82
"254",2017-01-12 01:00:00,"2017-01-12","01:00:00","Thursday",85
"255",2017-01-12 02:00:00,"2017-01-12","02:00:00","Thursday",114
"256",2017-01-12 03:00:00,"2017-01-12","03:00:00","Thursday",144
"257",2017-01-12 04:00:00,"2017-01-12","04:00:00","Thursday",231
"258",2017-01-12 05:00:00,"2017-01-12","05:00:00","Thursday",313
"259",2017-01-12 06:00:00,"2017-01-12","06:00:00","Thursday",139
"260",2017-01-12 07:00:00,"2017-01-12","07:00:00","Thursday",82
"261",2017-01-12 08:00:00,"2017-01-12","08:00:00","Thursday",72
"262",2017-01-12 09:00:00,"2017-01-12","09:00:00","Thursday",51
"263",2017-01-12 10:00:00,"2017-01-12","10:00:00","Thursday",37
"264",2017-01-12 11:00:00,"2017-01-12","11:00:00","Thursday",31
"265",2017-01-12 12:00:00,"2017-01-12","12:00:00","Thursday",23
"266",2017-01-12 13:00:00,"2017-01-12","13:00:00","Thursday",14
"267",2017-01-12 14:00:00,"2017-01-12","14:00:00","Thursday",15
"268",2017-01-12 15:00:00,"2017-01-12","15:00:00","Thursday",16
"269",2017-01-12 16:00:00,"2017-01-12","16:00:00","Thursday",15
"270",2017-01-12 17:00:00,"2017-01-12","17:00:00","Thursday",26
"271",2017-01-12 18:00:00,"2017-01-12","18:00:00","Thursday",53
"272",2017-01-12 19:00:00,"2017-01-12","19:00:00","Thursday",97
"273",2017-01-12 20:00:00,"2017-01-12","20:00:00","Thursday",110
"274",2017-01-12 21:00:00,"2017-01-12","21:00:00","Thursday",92
"275",2017-01-12 22:00:00,"2017-01-12","22:00:00","Thursday",80
"276",2017-01-12 23:00:00,"2017-01-12","23:00:00","Thursday",86
"277",2017-01-13 00:00:00,"2017-01-13","00:00:00","Friday",91
"278",2017-01-13 01:00:00,"2017-01-13","01:00:00","Friday",91
"279",2017-01-13 02:00:00,"2017-01-13","02:00:00","Friday",96
"280",2017-01-13 03:00:00,"2017-01-13","03:00:00","Friday",140
"281",2017-01-13 04:00:00,"2017-01-13","04:00:00","Friday",264
"282",2017-01-13 05:00:00,"2017-01-13","05:00:00","Friday",276
"283",2017-01-13 06:00:00,"2017-01-13","06:00:00","Friday",121
"284",2017-01-13 07:00:00,"2017-01-13","07:00:00","Friday",74
"285",2017-01-13 08:00:00,"2017-01-13","08:00:00","Friday",66
"286",2017-01-13 09:00:00,"2017-01-13","09:00:00","Friday",65
"287",2017-01-13 10:00:00,"2017-01-13","10:00:00","Friday",34
"288",2017-01-13 11:00:00,"2017-01-13","11:00:00","Friday",24
"289",2017-01-13 12:00:00,"2017-01-13","12:00:00","Friday",25
"290",2017-01-13 13:00:00,"2017-01-13","13:00:00","Friday",24
"291",2017-01-13 14:00:00,"2017-01-13","14:00:00","Friday",14
"292",2017-01-13 15:00:00,"2017-01-13","15:00:00","Friday",21
"293",2017-01-13 16:00:00,"2017-01-13","16:00:00","Friday",16
"294",2017-01-13 17:00:00,"2017-01-13","17:00:00","Friday",26
"295",2017-01-13 18:00:00,"2017-01-13","18:00:00","Friday",57
"296",2017-01-13 19:00:00,"2017-01-13","19:00:00","Friday",96
"297",2017-01-13 20:00:00,"2017-01-13","20:00:00","Friday",102
"298",2017-01-13 21:00:00,"2017-01-13","21:00:00","Friday",85
"299",2017-01-13 22:00:00,"2017-01-13","22:00:00","Friday",73
"300",2017-01-13 23:00:00,"2017-01-13","23:00:00","Friday",92
"301",2017-01-14 00:00:00,"2017-01-14","00:00:00","Saturday",102
"302",2017-01-14 01:00:00,"2017-01-14","01:00:00","Saturday",96
"303",2017-01-14 02:00:00,"2017-01-14","02:00:00","Saturday",126
"304",2017-01-14 03:00:00,"2017-01-14","03:00:00","Saturday",163
"305",2017-01-14 04:00:00,"2017-01-14","04:00:00","Saturday",254
"306",2017-01-14 05:00:00,"2017-01-14","05:00:00","Saturday",261
"307",2017-01-14 06:00:00,"2017-01-14","06:00:00","Saturday",141
"308",2017-01-14 07:00:00,"2017-01-14","07:00:00","Saturday",86
"309",2017-01-14 08:00:00,"2017-01-14","08:00:00","Saturday",68
"310",2017-01-14 09:00:00,"2017-01-14","09:00:00","Saturday",52
"311",2017-01-14 10:00:00,"2017-01-14","10:00:00","Saturday",55
"312",2017-01-14 11:00:00,"2017-01-14","11:00:00","Saturday",41
"313",2017-01-14 12:00:00,"2017-01-14","12:00:00","Saturday",31
"314",2017-01-14 13:00:00,"2017-01-14","13:00:00","Saturday",18
"315",2017-01-14 14:00:00,"2017-01-14","14:00:00","Saturday",21
"316",2017-01-14 15:00:00,"2017-01-14","15:00:00","Saturday",20
"317",2017-01-14 16:00:00,"2017-01-14","16:00:00","Saturday",21
"318",2017-01-14 17:00:00,"2017-01-14","17:00:00","Saturday",20
"319",2017-01-14 18:00:00,"2017-01-14","18:00:00","Saturday",24
"320",2017-01-14 19:00:00,"2017-01-14","19:00:00","Saturday",30
"321",2017-01-14 20:00:00,"2017-01-14","20:00:00","Saturday",48
"322",2017-01-14 21:00:00,"2017-01-14","21:00:00","Saturday",55
"323",2017-01-14 22:00:00,"2017-01-14","22:00:00","Saturday",64
"324",2017-01-14 23:00:00,"2017-01-14","23:00:00","Saturday",73
"325",2017-01-15 00:00:00,"2017-01-15","00:00:00","Sunday",86
"326",2017-01-15 01:00:00,"2017-01-15","01:00:00","Sunday",77
"327",2017-01-15 02:00:00,"2017-01-15","02:00:00","Sunday",78
"328",2017-01-15 03:00:00,"2017-01-15","03:00:00","Sunday",93
"329",2017-01-15 04:00:00,"2017-01-15","04:00:00","Sunday",94
"330",2017-01-15 05:00:00,"2017-01-15","05:00:00","Sunday",84
"331",2017-01-15 06:00:00,"2017-01-15","06:00:00","Sunday",112
"332",2017-01-15 07:00:00,"2017-01-15","07:00:00","Sunday",80
"333",2017-01-15 08:00:00,"2017-01-15","08:00:00","Sunday",67
"334",2017-01-15 09:00:00,"2017-01-15","09:00:00","Sunday",62
"335",2017-01-15 10:00:00,"2017-01-15","10:00:00","Sunday",60
"336",2017-01-15 11:00:00,"2017-01-15","11:00:00","Sunday",41
"337",2017-01-15 12:00:00,"2017-01-15","12:00:00","Sunday",25
"338",2017-01-15 13:00:00,"2017-01-15","13:00:00","Sunday",19
"339",2017-01-15 14:00:00,"2017-01-15","14:00:00","Sunday",16
"340",2017-01-15 15:00:00,"2017-01-15","15:00:00","Sunday",12
"341",2017-01-15 16:00:00,"2017-01-15","16:00:00","Sunday",13
"342",2017-01-15 17:00:00,"2017-01-15","17:00:00","Sunday",19
"343",2017-01-15 18:00:00,"2017-01-15","18:00:00","Sunday",19
"344",2017-01-15 19:00:00,"2017-01-15","19:00:00","Sunday",25
"345",2017-01-15 20:00:00,"2017-01-15","20:00:00","Sunday",37
"346",2017-01-15 21:00:00,"2017-01-15","21:00:00","Sunday",38
"347",2017-01-15 22:00:00,"2017-01-15","22:00:00","Sunday",47
"348",2017-01-15 23:00:00,"2017-01-15","23:00:00","Sunday",54
"349",2017-01-16 00:00:00,"2017-01-16","00:00:00","Monday",71
"350",2017-01-16 01:00:00,"2017-01-16","01:00:00","Monday",71
"351",2017-01-16 02:00:00,"2017-01-16","02:00:00","Monday",91
"352",2017-01-16 03:00:00,"2017-01-16","03:00:00","Monday",76
"353",2017-01-16 04:00:00,"2017-01-16","04:00:00","Monday",97
"354",2017-01-16 05:00:00,"2017-01-16","05:00:00","Monday",73
"355",2017-01-16 06:00:00,"2017-01-16","06:00:00","Monday",57
"356",2017-01-16 07:00:00,"2017-01-16","07:00:00","Monday",52
"357",2017-01-16 08:00:00,"2017-01-16","08:00:00","Monday",60
"358",2017-01-16 09:00:00,"2017-01-16","09:00:00","Monday",34
"359",2017-01-16 10:00:00,"2017-01-16","10:00:00","Monday",24
"360",2017-01-16 11:00:00,"2017-01-16","11:00:00","Monday",27
"361",2017-01-16 12:00:00,"2017-01-16","12:00:00","Monday",19
"362",2017-01-16 13:00:00,"2017-01-16","13:00:00","Monday",18
"363",2017-01-16 14:00:00,"2017-01-16","14:00:00","Monday",17
"364",2017-01-16 15:00:00,"2017-01-16","15:00:00","Monday",16
"365",2017-01-16 16:00:00,"2017-01-16","16:00:00","Monday",15
"366",2017-01-16 17:00:00,"2017-01-16","17:00:00","Monday",21
"367",2017-01-16 18:00:00,"2017-01-16","18:00:00","Monday",44
"368",2017-01-16 19:00:00,"2017-01-16","19:00:00","Monday",71
"369",2017-01-16 20:00:00,"2017-01-16","20:00:00","Monday",79
"370",2017-01-16 21:00:00,"2017-01-16","21:00:00","Monday",75
"371",2017-01-16 22:00:00,"2017-01-16","22:00:00","Monday",70
"372",2017-01-16 23:00:00,"2017-01-16","23:00:00","Monday",75
"373",2017-01-17 00:00:00,"2017-01-17","00:00:00","Tuesday",81
"374",2017-01-17 01:00:00,"2017-01-17","01:00:00","Tuesday",98
"375",2017-01-17 02:00:00,"2017-01-17","02:00:00","Tuesday",87
"376",2017-01-17 03:00:00,"2017-01-17","03:00:00","Tuesday",125
"377",2017-01-17 04:00:00,"2017-01-17","04:00:00","Tuesday",163
"378",2017-01-17 05:00:00,"2017-01-17","05:00:00","Tuesday",201
"379",2017-01-17 06:00:00,"2017-01-17","06:00:00","Tuesday",123
"380",2017-01-17 07:00:00,"2017-01-17","07:00:00","Tuesday",70
"381",2017-01-17 08:00:00,"2017-01-17","08:00:00","Tuesday",55
"382",2017-01-17 09:00:00,"2017-01-17","09:00:00","Tuesday",43
"383",2017-01-17 10:00:00,"2017-01-17","10:00:00","Tuesday",30
"384",2017-01-17 11:00:00,"2017-01-17","11:00:00","Tuesday",28
"385",2017-01-17 12:00:00,"2017-01-17","12:00:00","Tuesday",21
"386",2017-01-17 13:00:00,"2017-01-17","13:00:00","Tuesday",18
"387",2017-01-17 14:00:00,"2017-01-17","14:00:00","Tuesday",16
"388",2017-01-17 15:00:00,"2017-01-17","15:00:00","Tuesday",18
"389",2017-01-17 16:00:00,"2017-01-17","16:00:00","Tuesday",17
"390",2017-01-17 17:00:00,"2017-01-17","17:00:00","Tuesday",25
"391",2017-01-17 18:00:00,"2017-01-17","18:00:00","Tuesday",52
"392",2017-01-17 19:00:00,"2017-01-17","19:00:00","Tuesday",101
"393",2017-01-17 20:00:00,"2017-01-17","20:00:00","Tuesday",89
"394",2017-01-17 21:00:00,"2017-01-17","21:00:00","Tuesday",74
"395",2017-01-17 22:00:00,"2017-01-17","22:00:00","Tuesday",69
"396",2017-01-17 23:00:00,"2017-01-17","23:00:00","Tuesday",79
"397",2017-01-18 00:00:00,"2017-01-18","00:00:00","Wednesday",83
"398",2017-01-18 01:00:00,"2017-01-18","01:00:00","Wednesday",82
"399",2017-01-18 02:00:00,"2017-01-18","02:00:00","Wednesday",107
"400",2017-01-18 03:00:00,"2017-01-18","03:00:00","Wednesday",152
"401",2017-01-18 04:00:00,"2017-01-18","04:00:00","Wednesday",257
"402",2017-01-18 05:00:00,"2017-01-18","05:00:00","Wednesday",307
"403",2017-01-18 06:00:00,"2017-01-18","06:00:00","Wednesday",131
"404",2017-01-18 07:00:00,"2017-01-18","07:00:00","Wednesday",74
"405",2017-01-18 08:00:00,"2017-01-18","08:00:00","Wednesday",63
"406",2017-01-18 09:00:00,"2017-01-18","09:00:00","Wednesday",57
"407",2017-01-18 10:00:00,"2017-01-18","10:00:00","Wednesday",39
"408",2017-01-18 11:00:00,"2017-01-18","11:00:00","Wednesday",28
"409",2017-01-18 12:00:00,"2017-01-18","12:00:00","Wednesday",27
"410",2017-01-18 13:00:00,"2017-01-18","13:00:00","Wednesday",14
"411",2017-01-18 14:00:00,"2017-01-18","14:00:00","Wednesday",12
"412",2017-01-18 15:00:00,"2017-01-18","15:00:00","Wednesday",14
"413",2017-01-18 16:00:00,"2017-01-18","16:00:00","Wednesday",18
"414",2017-01-18 17:00:00,"2017-01-18","17:00:00","Wednesday",18
"415",2017-01-18 18:00:00,"2017-01-18","18:00:00","Wednesday",53
"416",2017-01-18 19:00:00,"2017-01-18","19:00:00","Wednesday",103
"417",2017-01-18 20:00:00,"2017-01-18","20:00:00","Wednesday",97
"418",2017-01-18 21:00:00,"2017-01-18","21:00:00","Wednesday",79
"419",2017-01-18 22:00:00,"2017-01-18","22:00:00","Wednesday",70
"420",2017-01-18 23:00:00,"2017-01-18","23:00:00","Wednesday",77
"421",2017-01-19 00:00:00,"2017-01-19","00:00:00","Thursday",94
"422",2017-01-19 01:00:00,"2017-01-19","01:00:00","Thursday",84
"423",2017-01-19 02:00:00,"2017-01-19","02:00:00","Thursday",109
"424",2017-01-19 03:00:00,"2017-01-19","03:00:00","Thursday",161
"425",2017-01-19 04:00:00,"2017-01-19","04:00:00","Thursday",244
"426",2017-01-19 05:00:00,"2017-01-19","05:00:00","Thursday",306
"427",2017-01-19 06:00:00,"2017-01-19","06:00:00","Thursday",130
"428",2017-01-19 07:00:00,"2017-01-19","07:00:00","Thursday",95
"429",2017-01-19 08:00:00,"2017-01-19","08:00:00","Thursday",66
"430",2017-01-19 09:00:00,"2017-01-19","09:00:00","Thursday",55
"431",2017-01-19 10:00:00,"2017-01-19","10:00:00","Thursday",36
"432",2017-01-19 11:00:00,"2017-01-19","11:00:00","Thursday",28
"433",2017-01-19 12:00:00,"2017-01-19","12:00:00","Thursday",24
"434",2017-01-19 13:00:00,"2017-01-19","13:00:00","Thursday",14
"435",2017-01-19 14:00:00,"2017-01-19","14:00:00","Thursday",15
"436",2017-01-19 15:00:00,"2017-01-19","15:00:00","Thursday",15
"437",2017-01-19 16:00:00,"2017-01-19","16:00:00","Thursday",15
"438",2017-01-19 17:00:00,"2017-01-19","17:00:00","Thursday",19
"439",2017-01-19 18:00:00,"2017-01-19","18:00:00","Thursday",54
"440",2017-01-19 19:00:00,"2017-01-19","19:00:00","Thursday",108
"441",2017-01-19 20:00:00,"2017-01-19","20:00:00","Thursday",114
"442",2017-01-19 21:00:00,"2017-01-19","21:00:00","Thursday",90
"443",2017-01-19 22:00:00,"2017-01-19","22:00:00","Thursday",68
"444",2017-01-19 23:00:00,"2017-01-19","23:00:00","Thursday",93
"445",2017-01-20 00:00:00,"2017-01-20","00:00:00","Friday",85
"446",2017-01-20 01:00:00,"2017-01-20","01:00:00","Friday",89
"447",2017-01-20 02:00:00,"2017-01-20","02:00:00","Friday",92
"448",2017-01-20 03:00:00,"2017-01-20","03:00:00","Friday",168
"449",2017-01-20 04:00:00,"2017-01-20","04:00:00","Friday",212
"450",2017-01-20 05:00:00,"2017-01-20","05:00:00","Friday",338
"451",2017-01-20 06:00:00,"2017-01-20","06:00:00","Friday",136
"452",2017-01-20 07:00:00,"2017-01-20","07:00:00","Friday",98
"453",2017-01-20 08:00:00,"2017-01-20","08:00:00","Friday",60
"454",2017-01-20 09:00:00,"2017-01-20","09:00:00","Friday",55
"455",2017-01-20 10:00:00,"2017-01-20","10:00:00","Friday",35
"456",2017-01-20 11:00:00,"2017-01-20","11:00:00","Friday",28
"457",2017-01-20 12:00:00,"2017-01-20","12:00:00","Friday",20
"458",2017-01-20 13:00:00,"2017-01-20","13:00:00","Friday",20
"459",2017-01-20 14:00:00,"2017-01-20","14:00:00","Friday",21
"460",2017-01-20 15:00:00,"2017-01-20","15:00:00","Friday",18
"461",2017-01-20 16:00:00,"2017-01-20","16:00:00","Friday",19
"462",2017-01-20 17:00:00,"2017-01-20","17:00:00","Friday",24
"463",2017-01-20 18:00:00,"2017-01-20","18:00:00","Friday",60
"464",2017-01-20 19:00:00,"2017-01-20","19:00:00","Friday",93
"465",2017-01-20 20:00:00,"2017-01-20","20:00:00","Friday",99
"466",2017-01-20 21:00:00,"2017-01-20","21:00:00","Friday",76
"467",2017-01-20 22:00:00,"2017-01-20","22:00:00","Friday",74
"468",2017-01-20 23:00:00,"2017-01-20","23:00:00","Friday",77
"469",2017-01-21 00:00:00,"2017-01-21","00:00:00","Saturday",102
"470",2017-01-21 01:00:00,"2017-01-21","01:00:00","Saturday",118
"471",2017-01-21 02:00:00,"2017-01-21","02:00:00","Saturday",104
"472",2017-01-21 03:00:00,"2017-01-21","03:00:00","Saturday",180
"473",2017-01-21 04:00:00,"2017-01-21","04:00:00","Saturday",222
"474",2017-01-21 05:00:00,"2017-01-21","05:00:00","Saturday",274
"475",2017-01-21 06:00:00,"2017-01-21","06:00:00","Saturday",138
"476",2017-01-21 07:00:00,"2017-01-21","07:00:00","Saturday",102
"477",2017-01-21 08:00:00,"2017-01-21","08:00:00","Saturday",65
"478",2017-01-21 09:00:00,"2017-01-21","09:00:00","Saturday",54
"479",2017-01-21 10:00:00,"2017-01-21","10:00:00","Saturday",48
"480",2017-01-21 11:00:00,"2017-01-21","11:00:00","Saturday",37
"481",2017-01-21 12:00:00,"2017-01-21","12:00:00","Saturday",27
"482",2017-01-21 13:00:00,"2017-01-21","13:00:00","Saturday",20
"483",2017-01-21 14:00:00,"2017-01-21","14:00:00","Saturday",16
"484",2017-01-21 15:00:00,"2017-01-21","15:00:00","Saturday",19
"485",2017-01-21 16:00:00,"2017-01-21","16:00:00","Saturday",15
"486",2017-01-21 17:00:00,"2017-01-21","17:00:00","Saturday",19
"487",2017-01-21 18:00:00,"2017-01-21","18:00:00","Saturday",24
"488",2017-01-21 19:00:00,"2017-01-21","19:00:00","Saturday",39
"489",2017-01-21 20:00:00,"2017-01-21","20:00:00","Saturday",50
"490",2017-01-21 21:00:00,"2017-01-21","21:00:00","Saturday",52
"491",2017-01-21 22:00:00,"2017-01-21","22:00:00","Saturday",65
"492",2017-01-21 23:00:00,"2017-01-21","23:00:00","Saturday",68
"493",2017-01-22 00:00:00,"2017-01-22","00:00:00","Sunday",89
"494",2017-01-22 01:00:00,"2017-01-22","01:00:00","Sunday",79
"495",2017-01-22 02:00:00,"2017-01-22","02:00:00","Sunday",91
"496",2017-01-22 03:00:00,"2017-01-22","03:00:00","Sunday",83
"497",2017-01-22 04:00:00,"2017-01-22","04:00:00","Sunday",106
"498",2017-01-22 05:00:00,"2017-01-22","05:00:00","Sunday",96
"499",2017-01-22 06:00:00,"2017-01-22","06:00:00","Sunday",84
"500",2017-01-22 07:00:00,"2017-01-22","07:00:00","Sunday",65
"501",2017-01-22 08:00:00,"2017-01-22","08:00:00","Sunday",54
"502",2017-01-22 09:00:00,"2017-01-22","09:00:00","Sunday",58
"503",2017-01-22 10:00:00,"2017-01-22","10:00:00","Sunday",73
"504",2017-01-22 11:00:00,"2017-01-22","11:00:00","Sunday",38
"505",2017-01-22 12:00:00,"2017-01-22","12:00:00","Sunday",26
"506",2017-01-22 13:00:00,"2017-01-22","13:00:00","Sunday",26
"507",2017-01-22 14:00:00,"2017-01-22","14:00:00","Sunday",17
"508",2017-01-22 15:00:00,"2017-01-22","15:00:00","Sunday",16
"509",2017-01-22 16:00:00,"2017-01-22","16:00:00","Sunday",12
"510",2017-01-22 17:00:00,"2017-01-22","17:00:00","Sunday",19
"511",2017-01-22 18:00:00,"2017-01-22","18:00:00","Sunday",18
"512",2017-01-22 19:00:00,"2017-01-22","19:00:00","Sunday",20
"513",2017-01-22 20:00:00,"2017-01-22","20:00:00","Sunday",40
"514",2017-01-22 21:00:00,"2017-01-22","21:00:00","Sunday",34
"515",2017-01-22 22:00:00,"2017-01-22","22:00:00","Sunday",46
"516",2017-01-22 23:00:00,"2017-01-22","23:00:00","Sunday",60
"517",2017-01-23 00:00:00,"2017-01-23","00:00:00","Monday",81
"518",2017-01-23 01:00:00,"2017-01-23","01:00:00","Monday",75
"519",2017-01-23 02:00:00,"2017-01-23","02:00:00","Monday",80
"520",2017-01-23 03:00:00,"2017-01-23","03:00:00","Monday",85
"521",2017-01-23 04:00:00,"2017-01-23","04:00:00","Monday",75
"522",2017-01-23 05:00:00,"2017-01-23","05:00:00","Monday",87
"523",2017-01-23 06:00:00,"2017-01-23","06:00:00","Monday",57
"524",2017-01-23 07:00:00,"2017-01-23","07:00:00","Monday",47
"525",2017-01-23 08:00:00,"2017-01-23","08:00:00","Monday",53
"526",2017-01-23 09:00:00,"2017-01-23","09:00:00","Monday",29
"527",2017-01-23 10:00:00,"2017-01-23","10:00:00","Monday",30
"528",2017-01-23 11:00:00,"2017-01-23","11:00:00","Monday",23
"529",2017-01-23 12:00:00,"2017-01-23","12:00:00","Monday",17
"530",2017-01-23 13:00:00,"2017-01-23","13:00:00","Monday",12
"531",2017-01-23 14:00:00,"2017-01-23","14:00:00","Monday",17
"532",2017-01-23 15:00:00,"2017-01-23","15:00:00","Monday",17
"533",2017-01-23 16:00:00,"2017-01-23","16:00:00","Monday",17
"534",2017-01-23 17:00:00,"2017-01-23","17:00:00","Monday",21
"535",2017-01-23 18:00:00,"2017-01-23","18:00:00","Monday",55
"536",2017-01-23 19:00:00,"2017-01-23","19:00:00","Monday",93
"537",2017-01-23 20:00:00,"2017-01-23","20:00:00","Monday",102
"538",2017-01-23 21:00:00,"2017-01-23","21:00:00","Monday",81
"539",2017-01-23 22:00:00,"2017-01-23","22:00:00","Monday",68
"540",2017-01-23 23:00:00,"2017-01-23","23:00:00","Monday",86
"541",2017-01-24 00:00:00,"2017-01-24","00:00:00","Tuesday",78
"542",2017-01-24 01:00:00,"2017-01-24","01:00:00","Tuesday",96
"543",2017-01-24 02:00:00,"2017-01-24","02:00:00","Tuesday",96
"544",2017-01-24 03:00:00,"2017-01-24","03:00:00","Tuesday",138
"545",2017-01-24 04:00:00,"2017-01-24","04:00:00","Tuesday",208
"546",2017-01-24 05:00:00,"2017-01-24","05:00:00","Tuesday",277
"547",2017-01-24 06:00:00,"2017-01-24","06:00:00","Tuesday",118
"548",2017-01-24 07:00:00,"2017-01-24","07:00:00","Tuesday",65
"549",2017-01-24 08:00:00,"2017-01-24","08:00:00","Tuesday",54
"550",2017-01-24 09:00:00,"2017-01-24","09:00:00","Tuesday",48
"551",2017-01-24 10:00:00,"2017-01-24","10:00:00","Tuesday",46
"552",2017-01-24 11:00:00,"2017-01-24","11:00:00","Tuesday",28
"553",2017-01-24 12:00:00,"2017-01-24","12:00:00","Tuesday",27
"554",2017-01-24 13:00:00,"2017-01-24","13:00:00","Tuesday",16
"555",2017-01-24 14:00:00,"2017-01-24","14:00:00","Tuesday",15
"556",2017-01-24 15:00:00,"2017-01-24","15:00:00","Tuesday",17
"557",2017-01-24 16:00:00,"2017-01-24","16:00:00","Tuesday",16
"558",2017-01-24 17:00:00,"2017-01-24","17:00:00","Tuesday",14
"559",2017-01-24 18:00:00,"2017-01-24","18:00:00","Tuesday",41
"560",2017-01-24 19:00:00,"2017-01-24","19:00:00","Tuesday",70
"561",2017-01-24 20:00:00,"2017-01-24","20:00:00","Tuesday",82
"562",2017-01-24 21:00:00,"2017-01-24","21:00:00","Tuesday",79
"563",2017-01-24 22:00:00,"2017-01-24","22:00:00","Tuesday",59
"564",2017-01-24 23:00:00,"2017-01-24","23:00:00","Tuesday",61
"565",2017-01-25 00:00:00,"2017-01-25","00:00:00","Wednesday",76
"566",2017-01-25 01:00:00,"2017-01-25","01:00:00","Wednesday",65
"567",2017-01-25 02:00:00,"2017-01-25","02:00:00","Wednesday",96
"568",2017-01-25 03:00:00,"2017-01-25","03:00:00","Wednesday",119
"569",2017-01-25 04:00:00,"2017-01-25","04:00:00","Wednesday",215
"570",2017-01-25 05:00:00,"2017-01-25","05:00:00","Wednesday",210
"571",2017-01-25 06:00:00,"2017-01-25","06:00:00","Wednesday",113
"572",2017-01-25 07:00:00,"2017-01-25","07:00:00","Wednesday",58
"573",2017-01-25 08:00:00,"2017-01-25","08:00:00","Wednesday",55
"574",2017-01-25 09:00:00,"2017-01-25","09:00:00","Wednesday",61
"575",2017-01-25 10:00:00,"2017-01-25","10:00:00","Wednesday",51
"576",2017-01-25 11:00:00,"2017-01-25","11:00:00","Wednesday",50
"577",2017-01-25 12:00:00,"2017-01-25","12:00:00","Wednesday",27
"578",2017-01-25 13:00:00,"2017-01-25","13:00:00","Wednesday",18
"579",2017-01-25 14:00:00,"2017-01-25","14:00:00","Wednesday",14
"580",2017-01-25 15:00:00,"2017-01-25","15:00:00","Wednesday",16
"581",2017-01-25 16:00:00,"2017-01-25","16:00:00","Wednesday",13
"582",2017-01-25 17:00:00,"2017-01-25","17:00:00","Wednesday",20
"583",2017-01-25 18:00:00,"2017-01-25","18:00:00","Wednesday",56
"584",2017-01-25 19:00:00,"2017-01-25","19:00:00","Wednesday",116
"585",2017-01-25 20:00:00,"2017-01-25","20:00:00","Wednesday",111
"586",2017-01-25 21:00:00,"2017-01-25","21:00:00","Wednesday",75
"587",2017-01-25 22:00:00,"2017-01-25","22:00:00","Wednesday",59
"588",2017-01-25 23:00:00,"2017-01-25","23:00:00","Wednesday",85
"589",2017-01-26 00:00:00,"2017-01-26","00:00:00","Thursday",85
"590",2017-01-26 01:00:00,"2017-01-26","01:00:00","Thursday",100
"591",2017-01-26 02:00:00,"2017-01-26","02:00:00","Thursday",93
"592",2017-01-26 03:00:00,"2017-01-26","03:00:00","Thursday",139
"593",2017-01-26 04:00:00,"2017-01-26","04:00:00","Thursday",234
"594",2017-01-26 05:00:00,"2017-01-26","05:00:00","Thursday",308
"595",2017-01-26 06:00:00,"2017-01-26","06:00:00","Thursday",139
"596",2017-01-26 07:00:00,"2017-01-26","07:00:00","Thursday",86
"597",2017-01-26 08:00:00,"2017-01-26","08:00:00","Thursday",71
"598",2017-01-26 09:00:00,"2017-01-26","09:00:00","Thursday",52
"599",2017-01-26 10:00:00,"2017-01-26","10:00:00","Thursday",47
"600",2017-01-26 11:00:00,"2017-01-26","11:00:00","Thursday",32
"601",2017-01-26 12:00:00,"2017-01-26","12:00:00","Thursday",31
"602",2017-01-26 13:00:00,"2017-01-26","13:00:00","Thursday",18
"603",2017-01-26 14:00:00,"2017-01-26","14:00:00","Thursday",16
"604",2017-01-26 15:00:00,"2017-01-26","15:00:00","Thursday",21
"605",2017-01-26 16:00:00,"2017-01-26","16:00:00","Thursday",15
"606",2017-01-26 17:00:00,"2017-01-26","17:00:00","Thursday",20
"607",2017-01-26 18:00:00,"2017-01-26","18:00:00","Thursday",59
"608",2017-01-26 19:00:00,"2017-01-26","19:00:00","Thursday",107
"609",2017-01-26 20:00:00,"2017-01-26","20:00:00","Thursday",112
"610",2017-01-26 21:00:00,"2017-01-26","21:00:00","Thursday",83
"611",2017-01-26 22:00:00,"2017-01-26","22:00:00","Thursday",77
"612",2017-01-26 23:00:00,"2017-01-26","23:00:00","Thursday",83
"613",2017-01-27 00:00:00,"2017-01-27","00:00:00","Friday",93
"614",2017-01-27 01:00:00,"2017-01-27","01:00:00","Friday",84
"615",2017-01-27 02:00:00,"2017-01-27","02:00:00","Friday",110
"616",2017-01-27 03:00:00,"2017-01-27","03:00:00","Friday",153
"617",2017-01-27 04:00:00,"2017-01-27","04:00:00","Friday",242
"618",2017-01-27 05:00:00,"2017-01-27","05:00:00","Friday",285
"619",2017-01-27 06:00:00,"2017-01-27","06:00:00","Friday",142
"620",2017-01-27 07:00:00,"2017-01-27","07:00:00","Friday",70
"621",2017-01-27 08:00:00,"2017-01-27","08:00:00","Friday",59
"622",2017-01-27 09:00:00,"2017-01-27","09:00:00","Friday",52
"623",2017-01-27 10:00:00,"2017-01-27","10:00:00","Friday",38
"624",2017-01-27 11:00:00,"2017-01-27","11:00:00","Friday",31
"625",2017-01-27 12:00:00,"2017-01-27","12:00:00","Friday",22
"626",2017-01-27 13:00:00,"2017-01-27","13:00:00","Friday",22
"627",2017-01-27 14:00:00,"2017-01-27","14:00:00","Friday",15
"628",2017-01-27 15:00:00,"2017-01-27","15:00:00","Friday",17
"629",2017-01-27 16:00:00,"2017-01-27","16:00:00","Friday",14
"630",2017-01-27 17:00:00,"2017-01-27","17:00:00","Friday",16
"631",2017-01-27 18:00:00,"2017-01-27","18:00:00","Friday",50
"632",2017-01-27 19:00:00,"2017-01-27","19:00:00","Friday",112
"633",2017-01-27 20:00:00,"2017-01-27","20:00:00","Friday",93
"634",2017-01-27 21:00:00,"2017-01-27","21:00:00","Friday",70
"635",2017-01-27 22:00:00,"2017-01-27","22:00:00","Friday",73
"636",2017-01-27 23:00:00,"2017-01-27","23:00:00","Friday",85
"637",2017-01-28 00:00:00,"2017-01-28","00:00:00","Saturday",97
"638",2017-01-28 01:00:00,"2017-01-28","01:00:00","Saturday",91
"639",2017-01-28 02:00:00,"2017-01-28","02:00:00","Saturday",129
"640",2017-01-28 03:00:00,"2017-01-28","03:00:00","Saturday",147
"641",2017-01-28 04:00:00,"2017-01-28","04:00:00","Saturday",170
"642",2017-01-28 05:00:00,"2017-01-28","05:00:00","Saturday",210
"643",2017-01-28 06:00:00,"2017-01-28","06:00:00","Saturday",108
"644",2017-01-28 07:00:00,"2017-01-28","07:00:00","Saturday",56
"645",2017-01-28 08:00:00,"2017-01-28","08:00:00","Saturday",93
"646",2017-01-28 09:00:00,"2017-01-28","09:00:00","Saturday",69
"647",2017-01-28 10:00:00,"2017-01-28","10:00:00","Saturday",49
"648",2017-01-28 11:00:00,"2017-01-28","11:00:00","Saturday",70
"649",2017-01-28 12:00:00,"2017-01-28","12:00:00","Saturday",34
"650",2017-01-28 13:00:00,"2017-01-28","13:00:00","Saturday",22
"651",2017-01-28 14:00:00,"2017-01-28","14:00:00","Saturday",17
"652",2017-01-28 15:00:00,"2017-01-28","15:00:00","Saturday",16
"653",2017-01-28 16:00:00,"2017-01-28","16:00:00","Saturday",14
"654",2017-01-28 17:00:00,"2017-01-28","17:00:00","Saturday",16
"655",2017-01-28 18:00:00,"2017-01-28","18:00:00","Saturday",23
"656",2017-01-28 19:00:00,"2017-01-28","19:00:00","Saturday",23
"657",2017-01-28 20:00:00,"2017-01-28","20:00:00","Saturday",44
"658",2017-01-28 21:00:00,"2017-01-28","21:00:00","Saturday",62
"659",2017-01-28 22:00:00,"2017-01-28","22:00:00","Saturday",62
"660",2017-01-28 23:00:00,"2017-01-28","23:00:00","Saturday",70
"661",2017-01-29 00:00:00,"2017-01-29","00:00:00","Sunday",102
"662",2017-01-29 01:00:00,"2017-01-29","01:00:00","Sunday",73
"663",2017-01-29 02:00:00,"2017-01-29","02:00:00","Sunday",100
"664",2017-01-29 03:00:00,"2017-01-29","03:00:00","Sunday",111
"665",2017-01-29 04:00:00,"2017-01-29","04:00:00","Sunday",99
"666",2017-01-29 05:00:00,"2017-01-29","05:00:00","Sunday",126
"667",2017-01-29 06:00:00,"2017-01-29","06:00:00","Sunday",86
"668",2017-01-29 07:00:00,"2017-01-29","07:00:00","Sunday",63
"669",2017-01-29 08:00:00,"2017-01-29","08:00:00","Sunday",53
"670",2017-01-29 09:00:00,"2017-01-29","09:00:00","Sunday",57
"671",2017-01-29 10:00:00,"2017-01-29","10:00:00","Sunday",34
"672",2017-01-29 11:00:00,"2017-01-29","11:00:00","Sunday",44
"673",2017-01-29 12:00:00,"2017-01-29","12:00:00","Sunday",25
"674",2017-01-29 13:00:00,"2017-01-29","13:00:00","Sunday",24
"675",2017-01-29 14:00:00,"2017-01-29","14:00:00","Sunday",14
"676",2017-01-29 15:00:00,"2017-01-29","15:00:00","Sunday",13
"677",2017-01-29 16:00:00,"2017-01-29","16:00:00","Sunday",12
"678",2017-01-29 17:00:00,"2017-01-29","17:00:00","Sunday",12
"679",2017-01-29 18:00:00,"2017-01-29","18:00:00","Sunday",16
"680",2017-01-29 19:00:00,"2017-01-29","19:00:00","Sunday",32
"681",2017-01-29 20:00:00,"2017-01-29","20:00:00","Sunday",55
"682",2017-01-29 21:00:00,"2017-01-29","21:00:00","Sunday",44
"683",2017-01-29 22:00:00,"2017-01-29","22:00:00","Sunday",63
"684",2017-01-29 23:00:00,"2017-01-29","23:00:00","Sunday",54
"685",2017-01-30 00:00:00,"2017-01-30","00:00:00","Monday",77
"686",2017-01-30 01:00:00,"2017-01-30","01:00:00","Monday",83
"687",2017-01-30 02:00:00,"2017-01-30","02:00:00","Monday",82
"688",2017-01-30 03:00:00,"2017-01-30","03:00:00","Monday",90
"689",2017-01-30 04:00:00,"2017-01-30","04:00:00","Monday",68
"690",2017-01-30 05:00:00,"2017-01-30","05:00:00","Monday",83
"691",2017-01-30 06:00:00,"2017-01-30","06:00:00","Monday",54
"692",2017-01-30 07:00:00,"2017-01-30","07:00:00","Monday",50
"693",2017-01-30 08:00:00,"2017-01-30","08:00:00","Monday",47
"694",2017-01-30 09:00:00,"2017-01-30","09:00:00","Monday",33
"695",2017-01-30 10:00:00,"2017-01-30","10:00:00","Monday",34
"696",2017-01-30 11:00:00,"2017-01-30","11:00:00","Monday",29
"697",2017-01-30 12:00:00,"2017-01-30","12:00:00","Monday",18
"698",2017-01-30 13:00:00,"2017-01-30","13:00:00","Monday",18
"699",2017-01-30 14:00:00,"2017-01-30","14:00:00","Monday",13
"700",2017-01-30 15:00:00,"2017-01-30","15:00:00","Monday",17
"701",2017-01-30 16:00:00,"2017-01-30","16:00:00","Monday",14
"702",2017-01-30 17:00:00,"2017-01-30","17:00:00","Monday",22
"703",2017-01-30 18:00:00,"2017-01-30","18:00:00","Monday",52
"704",2017-01-30 19:00:00,"2017-01-30","19:00:00","Monday",117
"705",2017-01-30 20:00:00,"2017-01-30","20:00:00","Monday",101
"706",2017-01-30 21:00:00,"2017-01-30","21:00:00","Monday",84
"707",2017-01-30 22:00:00,"2017-01-30","22:00:00","Monday",83
"708",2017-01-30 23:00:00,"2017-01-30","23:00:00","Monday",68
"709",2017-01-31 00:00:00,"2017-01-31","00:00:00","Tuesday",81
"710",2017-01-31 01:00:00,"2017-01-31","01:00:00","Tuesday",79
"711",2017-01-31 02:00:00,"2017-01-31","02:00:00","Tuesday",106
"712",2017-01-31 03:00:00,"2017-01-31","03:00:00","Tuesday",154
"713",2017-01-31 04:00:00,"2017-01-31","04:00:00","Tuesday",240
"714",2017-01-31 05:00:00,"2017-01-31","05:00:00","Tuesday",277
"715",2017-01-31 06:00:00,"2017-01-31","06:00:00","Tuesday",123
"716",2017-01-31 07:00:00,"2017-01-31","07:00:00","Tuesday",88
"717",2017-01-31 08:00:00,"2017-01-31","08:00:00","Tuesday",63
"718",2017-01-31 09:00:00,"2017-01-31","09:00:00","Tuesday",56
"719",2017-01-31 10:00:00,"2017-01-31","10:00:00","Tuesday",27
"720",2017-01-31 11:00:00,"2017-01-31","11:00:00","Tuesday",32
"721",2017-01-31 12:00:00,"2017-01-31","12:00:00","Tuesday",20
"722",2017-01-31 13:00:00,"2017-01-31","13:00:00","Tuesday",17
"723",2017-01-31 14:00:00,"2017-01-31","14:00:00","Tuesday",14
"724",2017-01-31 15:00:00,"2017-01-31","15:00:00","Tuesday",21
"725",2017-01-31 16:00:00,"2017-01-31","16:00:00","Tuesday",13
"726",2017-01-31 17:00:00,"2017-01-31","17:00:00","Tuesday",20
"727",2017-01-31 18:00:00,"2017-01-31","18:00:00","Tuesday",57
"728",2017-01-31 19:00:00,"2017-01-31","19:00:00","Tuesday",126
"729",2017-01-31 20:00:00,"2017-01-31","20:00:00","Tuesday",110
"730",2017-01-31 21:00:00,"2017-01-31","21:00:00","Tuesday",94
"731",2017-01-31 22:00:00,"2017-01-31","22:00:00","Tuesday",76
"732",2017-01-31 23:00:00,"2017-01-31","23:00:00","Tuesday",96
"733",2017-02-01 00:00:00,"2017-02-01","00:00:00","Wednesday",86
"734",2017-02-01 01:00:00,"2017-02-01","01:00:00","Wednesday",82
"735",2017-02-01 02:00:00,"2017-02-01","02:00:00","Wednesday",110
"736",2017-02-01 03:00:00,"2017-02-01","03:00:00","Wednesday",145
"737",2017-02-01 04:00:00,"2017-02-01","04:00:00","Wednesday",211
"738",2017-02-01 05:00:00,"2017-02-01","05:00:00","Wednesday",285
"739",2017-02-01 06:00:00,"2017-02-01","06:00:00","Wednesday",148
"740",2017-02-01 07:00:00,"2017-02-01","07:00:00","Wednesday",78
"741",2017-02-01 08:00:00,"2017-02-01","08:00:00","Wednesday",69
"742",2017-02-01 09:00:00,"2017-02-01","09:00:00","Wednesday",57
"743",2017-02-01 10:00:00,"2017-02-01","10:00:00","Wednesday",38
"744",2017-02-01 11:00:00,"2017-02-01","11:00:00","Wednesday",32
"745",2017-02-01 12:00:00,"2017-02-01","12:00:00","Wednesday",25
"746",2017-02-01 13:00:00,"2017-02-01","13:00:00","Wednesday",15
"747",2017-02-01 14:00:00,"2017-02-01","14:00:00","Wednesday",12
"748",2017-02-01 15:00:00,"2017-02-01","15:00:00","Wednesday",16
"749",2017-02-01 16:00:00,"2017-02-01","16:00:00","Wednesday",15
"750",2017-02-01 17:00:00,"2017-02-01","17:00:00","Wednesday",18
"751",2017-02-01 18:00:00,"2017-02-01","18:00:00","Wednesday",50
"752",2017-02-01 19:00:00,"2017-02-01","19:00:00","Wednesday",124
"753",2017-02-01 20:00:00,"2017-02-01","20:00:00","Wednesday",94
"754",2017-02-01 21:00:00,"2017-02-01","21:00:00","Wednesday",80
"755",2017-02-01 22:00:00,"2017-02-01","22:00:00","Wednesday",67
"756",2017-02-01 23:00:00,"2017-02-01","23:00:00","Wednesday",69
"757",2017-02-02 00:00:00,"2017-02-02","00:00:00","Thursday",93
"758",2017-02-02 01:00:00,"2017-02-02","01:00:00","Thursday",90
"759",2017-02-02 02:00:00,"2017-02-02","02:00:00","Thursday",99
"760",2017-02-02 03:00:00,"2017-02-02","03:00:00","Thursday",149
"761",2017-02-02 04:00:00,"2017-02-02","04:00:00","Thursday",236
"762",2017-02-02 05:00:00,"2017-02-02","05:00:00","Thursday",294
"763",2017-02-02 06:00:00,"2017-02-02","06:00:00","Thursday",150
"764",2017-02-02 07:00:00,"2017-02-02","07:00:00","Thursday",68
"765",2017-02-02 08:00:00,"2017-02-02","08:00:00","Thursday",65
"766",2017-02-02 09:00:00,"2017-02-02","09:00:00","Thursday",72
"767",2017-02-02 10:00:00,"2017-02-02","10:00:00","Thursday",38
"768",2017-02-02 11:00:00,"2017-02-02","11:00:00","Thursday",35
"769",2017-02-02 12:00:00,"2017-02-02","12:00:00","Thursday",17
"770",2017-02-02 13:00:00,"2017-02-02","13:00:00","Thursday",19
"771",2017-02-02 14:00:00,"2017-02-02","14:00:00","Thursday",16
"772",2017-02-02 15:00:00,"2017-02-02","15:00:00","Thursday",19
"773",2017-02-02 16:00:00,"2017-02-02","16:00:00","Thursday",13
"774",2017-02-02 17:00:00,"2017-02-02","17:00:00","Thursday",16
"775",2017-02-02 18:00:00,"2017-02-02","18:00:00","Thursday",52
"776",2017-02-02 19:00:00,"2017-02-02","19:00:00","Thursday",116
"777",2017-02-02 20:00:00,"2017-02-02","20:00:00","Thursday",92
"778",2017-02-02 21:00:00,"2017-02-02","21:00:00","Thursday",70
"779",2017-02-02 22:00:00,"2017-02-02","22:00:00","Thursday",63
"780",2017-02-02 23:00:00,"2017-02-02","23:00:00","Thursday",99
"781",2017-02-03 00:00:00,"2017-02-03","00:00:00","Friday",97
"782",2017-02-03 01:00:00,"2017-02-03","01:00:00","Friday",87
"783",2017-02-03 02:00:00,"2017-02-03","02:00:00","Friday",85
"784",2017-02-03 03:00:00,"2017-02-03","03:00:00","Friday",144
"785",2017-02-03 04:00:00,"2017-02-03","04:00:00","Friday",241
"786",2017-02-03 05:00:00,"2017-02-03","05:00:00","Friday",294
"787",2017-02-03 06:00:00,"2017-02-03","06:00:00","Friday",120
"788",2017-02-03 07:00:00,"2017-02-03","07:00:00","Friday",78
"789",2017-02-03 08:00:00,"2017-02-03","08:00:00","Friday",74
"790",2017-02-03 09:00:00,"2017-02-03","09:00:00","Friday",56
"791",2017-02-03 10:00:00,"2017-02-03","10:00:00","Friday",29
"792",2017-02-03 11:00:00,"2017-02-03","11:00:00","Friday",32
"793",2017-02-03 12:00:00,"2017-02-03","12:00:00","Friday",22
"794",2017-02-03 13:00:00,"2017-02-03","13:00:00","Friday",17
"795",2017-02-03 14:00:00,"2017-02-03","14:00:00","Friday",18
"796",2017-02-03 15:00:00,"2017-02-03","15:00:00","Friday",19
"797",2017-02-03 16:00:00,"2017-02-03","16:00:00","Friday",22
"798",2017-02-03 17:00:00,"2017-02-03","17:00:00","Friday",22
"799",2017-02-03 18:00:00,"2017-02-03","18:00:00","Friday",52
"800",2017-02-03 19:00:00,"2017-02-03","19:00:00","Friday",113
"801",2017-02-03 20:00:00,"2017-02-03","20:00:00","Friday",104
"802",2017-02-03 21:00:00,"2017-02-03","21:00:00","Friday",92
"803",2017-02-03 22:00:00,"2017-02-03","22:00:00","Friday",69
"804",2017-02-03 23:00:00,"2017-02-03","23:00:00","Friday",93
"805",2017-02-04 00:00:00,"2017-02-04","00:00:00","Saturday",112
"806",2017-02-04 01:00:00,"2017-02-04","01:00:00","Saturday",99
"807",2017-02-04 02:00:00,"2017-02-04","02:00:00","Saturday",128
"808",2017-02-04 03:00:00,"2017-02-04","03:00:00","Saturday",179
"809",2017-02-04 04:00:00,"2017-02-04","04:00:00","Saturday",252
"810",2017-02-04 05:00:00,"2017-02-04","05:00:00","Saturday",267
"811",2017-02-04 06:00:00,"2017-02-04","06:00:00","Saturday",137
"812",2017-02-04 07:00:00,"2017-02-04","07:00:00","Saturday",87
"813",2017-02-04 08:00:00,"2017-02-04","08:00:00","Saturday",71
"814",2017-02-04 09:00:00,"2017-02-04","09:00:00","Saturday",62
"815",2017-02-04 10:00:00,"2017-02-04","10:00:00","Saturday",38
"816",2017-02-04 11:00:00,"2017-02-04","11:00:00","Saturday",37
"817",2017-02-04 12:00:00,"2017-02-04","12:00:00","Saturday",26
"818",2017-02-04 13:00:00,"2017-02-04","13:00:00","Saturday",19
"819",2017-02-04 14:00:00,"2017-02-04","14:00:00","Saturday",18
"820",2017-02-04 15:00:00,"2017-02-04","15:00:00","Saturday",15
"821",2017-02-04 16:00:00,"2017-02-04","16:00:00","Saturday",20
"822",2017-02-04 17:00:00,"2017-02-04","17:00:00","Saturday",17
"823",2017-02-04 18:00:00,"2017-02-04","18:00:00","Saturday",29
"824",2017-02-04 19:00:00,"2017-02-04","19:00:00","Saturday",43
"825",2017-02-04 20:00:00,"2017-02-04","20:00:00","Saturday",40
"826",2017-02-04 21:00:00,"2017-02-04","21:00:00","Saturday",87
"827",2017-02-04 22:00:00,"2017-02-04","22:00:00","Saturday",91
"828",2017-02-04 23:00:00,"2017-02-04","23:00:00","Saturday",61
"829",2017-02-05 00:00:00,"2017-02-05","00:00:00","Sunday",80
"830",2017-02-05 01:00:00,"2017-02-05","01:00:00","Sunday",77
"831",2017-02-05 02:00:00,"2017-02-05","02:00:00","Sunday",112
"832",2017-02-05 03:00:00,"2017-02-05","03:00:00","Sunday",120
"833",2017-02-05 04:00:00,"2017-02-05","04:00:00","Sunday",122
"834",2017-02-05 05:00:00,"2017-02-05","05:00:00","Sunday",103
"835",2017-02-05 06:00:00,"2017-02-05","06:00:00","Sunday",79
"836",2017-02-05 07:00:00,"2017-02-05","07:00:00","Sunday",86
"837",2017-02-05 08:00:00,"2017-02-05","08:00:00","Sunday",72
"838",2017-02-05 09:00:00,"2017-02-05","09:00:00","Sunday",72
"839",2017-02-05 10:00:00,"2017-02-05","10:00:00","Sunday",51
"840",2017-02-05 11:00:00,"2017-02-05","11:00:00","Sunday",30
"841",2017-02-05 12:00:00,"2017-02-05","12:00:00","Sunday",26
"842",2017-02-05 13:00:00,"2017-02-05","13:00:00","Sunday",17
"843",2017-02-05 14:00:00,"2017-02-05","14:00:00","Sunday",16
"844",2017-02-05 15:00:00,"2017-02-05","15:00:00","Sunday",15
"845",2017-02-05 16:00:00,"2017-02-05","16:00:00","Sunday",13
"846",2017-02-05 17:00:00,"2017-02-05","17:00:00","Sunday",15
"847",2017-02-05 18:00:00,"2017-02-05","18:00:00","Sunday",22
"848",2017-02-05 19:00:00,"2017-02-05","19:00:00","Sunday",30
"849",2017-02-05 20:00:00,"2017-02-05","20:00:00","Sunday",34
"850",2017-02-05 21:00:00,"2017-02-05","21:00:00","Sunday",49
"851",2017-02-05 22:00:00,"2017-02-05","22:00:00","Sunday",51
"852",2017-02-05 23:00:00,"2017-02-05","23:00:00","Sunday",59
"853",2017-02-06 00:00:00,"2017-02-06","00:00:00","Monday",65
"854",2017-02-06 01:00:00,"2017-02-06","01:00:00","Monday",63
"855",2017-02-06 02:00:00,"2017-02-06","02:00:00","Monday",71
"856",2017-02-06 03:00:00,"2017-02-06","03:00:00","Monday",82
"857",2017-02-06 04:00:00,"2017-02-06","04:00:00","Monday",91
"858",2017-02-06 05:00:00,"2017-02-06","05:00:00","Monday",89
"859",2017-02-06 06:00:00,"2017-02-06","06:00:00","Monday",51
"860",2017-02-06 07:00:00,"2017-02-06","07:00:00","Monday",40
"861",2017-02-06 08:00:00,"2017-02-06","08:00:00","Monday",28
"862",2017-02-06 09:00:00,"2017-02-06","09:00:00","Monday",29
"863",2017-02-06 10:00:00,"2017-02-06","10:00:00","Monday",22
"864",2017-02-06 11:00:00,"2017-02-06","11:00:00","Monday",43
"865",2017-02-06 12:00:00,"2017-02-06","12:00:00","Monday",19
"866",2017-02-06 13:00:00,"2017-02-06","13:00:00","Monday",20
"867",2017-02-06 14:00:00,"2017-02-06","14:00:00","Monday",15
"868",2017-02-06 15:00:00,"2017-02-06","15:00:00","Monday",14
"869",2017-02-06 16:00:00,"2017-02-06","16:00:00","Monday",15
"870",2017-02-06 17:00:00,"2017-02-06","17:00:00","Monday",21
"871",2017-02-06 18:00:00,"2017-02-06","18:00:00","Monday",51
"872",2017-02-06 19:00:00,"2017-02-06","19:00:00","Monday",107
"873",2017-02-06 20:00:00,"2017-02-06","20:00:00","Monday",102
"874",2017-02-06 21:00:00,"2017-02-06","21:00:00","Monday",73
"875",2017-02-06 22:00:00,"2017-02-06","22:00:00","Monday",55
"876",2017-02-06 23:00:00,"2017-02-06","23:00:00","Monday",76
"877",2017-02-07 00:00:00,"2017-02-07","00:00:00","Tuesday",77
"878",2017-02-07 01:00:00,"2017-02-07","01:00:00","Tuesday",75
"879",2017-02-07 02:00:00,"2017-02-07","02:00:00","Tuesday",92
"880",2017-02-07 03:00:00,"2017-02-07","03:00:00","Tuesday",151
"881",2017-02-07 04:00:00,"2017-02-07","04:00:00","Tuesday",213
"882",2017-02-07 05:00:00,"2017-02-07","05:00:00","Tuesday",260
"883",2017-02-07 06:00:00,"2017-02-07","06:00:00","Tuesday",146
"884",2017-02-07 07:00:00,"2017-02-07","07:00:00","Tuesday",69
"885",2017-02-07 08:00:00,"2017-02-07","08:00:00","Tuesday",67
"886",2017-02-07 09:00:00,"2017-02-07","09:00:00","Tuesday",56
"887",2017-02-07 10:00:00,"2017-02-07","10:00:00","Tuesday",28
"888",2017-02-07 11:00:00,"2017-02-07","11:00:00","Tuesday",31
"889",2017-02-07 12:00:00,"2017-02-07","12:00:00","Tuesday",19
"890",2017-02-07 13:00:00,"2017-02-07","13:00:00","Tuesday",20
"891",2017-02-07 14:00:00,"2017-02-07","14:00:00","Tuesday",14
"892",2017-02-07 15:00:00,"2017-02-07","15:00:00","Tuesday",15
"893",2017-02-07 16:00:00,"2017-02-07","16:00:00","Tuesday",13
"894",2017-02-07 17:00:00,"2017-02-07","17:00:00","Tuesday",18
"895",2017-02-07 18:00:00,"2017-02-07","18:00:00","Tuesday",62
"896",2017-02-07 19:00:00,"2017-02-07","19:00:00","Tuesday",112
"897",2017-02-07 20:00:00,"2017-02-07","20:00:00","Tuesday",104
"898",2017-02-07 21:00:00,"2017-02-07","21:00:00","Tuesday",75
"899",2017-02-07 22:00:00,"2017-02-07","22:00:00","Tuesday",72
"900",2017-02-07 23:00:00,"2017-02-07","23:00:00","Tuesday",85
"901",2017-02-08 00:00:00,"2017-02-08","00:00:00","Wednesday",75
"902",2017-02-08 01:00:00,"2017-02-08","01:00:00","Wednesday",100
"903",2017-02-08 02:00:00,"2017-02-08","02:00:00","Wednesday",114
"904",2017-02-08 03:00:00,"2017-02-08","03:00:00","Wednesday",155
"905",2017-02-08 04:00:00,"2017-02-08","04:00:00","Wednesday",220
"906",2017-02-08 05:00:00,"2017-02-08","05:00:00","Wednesday",300
"907",2017-02-08 06:00:00,"2017-02-08","06:00:00","Wednesday",123
"908",2017-02-08 07:00:00,"2017-02-08","07:00:00","Wednesday",73
"909",2017-02-08 08:00:00,"2017-02-08","08:00:00","Wednesday",52
"910",2017-02-08 09:00:00,"2017-02-08","09:00:00","Wednesday",45
"911",2017-02-08 10:00:00,"2017-02-08","10:00:00","Wednesday",33
"912",2017-02-08 11:00:00,"2017-02-08","11:00:00","Wednesday",27
"913",2017-02-08 12:00:00,"2017-02-08","12:00:00","Wednesday",30
"914",2017-02-08 13:00:00,"2017-02-08","13:00:00","Wednesday",17
"915",2017-02-08 14:00:00,"2017-02-08","14:00:00","Wednesday",14
"916",2017-02-08 15:00:00,"2017-02-08","15:00:00","Wednesday",19
"917",2017-02-08 16:00:00,"2017-02-08","16:00:00","Wednesday",15
"918",2017-02-08 17:00:00,"2017-02-08","17:00:00","Wednesday",29
"919",2017-02-08 18:00:00,"2017-02-08","18:00:00","Wednesday",61
"920",2017-02-08 19:00:00,"2017-02-08","19:00:00","Wednesday",116
"921",2017-02-08 20:00:00,"2017-02-08","20:00:00","Wednesday",116
"922",2017-02-08 21:00:00,"2017-02-08","21:00:00","Wednesday",72
"923",2017-02-08 22:00:00,"2017-02-08","22:00:00","Wednesday",69
"924",2017-02-08 23:00:00,"2017-02-08","23:00:00","Wednesday",71
"925",2017-02-09 00:00:00,"2017-02-09","00:00:00","Thursday",80
"926",2017-02-09 01:00:00,"2017-02-09","01:00:00","Thursday",92
"927",2017-02-09 02:00:00,"2017-02-09","02:00:00","Thursday",100
"928",2017-02-09 03:00:00,"2017-02-09","03:00:00","Thursday",159
"929",2017-02-09 04:00:00,"2017-02-09","04:00:00","Thursday",265
"930",2017-02-09 05:00:00,"2017-02-09","05:00:00","Thursday",290
"931",2017-02-09 06:00:00,"2017-02-09","06:00:00","Thursday",127
"932",2017-02-09 07:00:00,"2017-02-09","07:00:00","Thursday",92
"933",2017-02-09 08:00:00,"2017-02-09","08:00:00","Thursday",73
"934",2017-02-09 09:00:00,"2017-02-09","09:00:00","Thursday",70
"935",2017-02-09 10:00:00,"2017-02-09","10:00:00","Thursday",35
"936",2017-02-09 11:00:00,"2017-02-09","11:00:00","Thursday",27
"937",2017-02-09 12:00:00,"2017-02-09","12:00:00","Thursday",23
"938",2017-02-09 13:00:00,"2017-02-09","13:00:00","Thursday",19
"939",2017-02-09 14:00:00,"2017-02-09","14:00:00","Thursday",17
"940",2017-02-09 15:00:00,"2017-02-09","15:00:00","Thursday",23
"941",2017-02-09 16:00:00,"2017-02-09","16:00:00","Thursday",19
"942",2017-02-09 17:00:00,"2017-02-09","17:00:00","Thursday",18
"943",2017-02-09 18:00:00,"2017-02-09","18:00:00","Thursday",42
"944",2017-02-09 19:00:00,"2017-02-09","19:00:00","Thursday",90
"945",2017-02-09 20:00:00,"2017-02-09","20:00:00","Thursday",112
"946",2017-02-09 21:00:00,"2017-02-09","21:00:00","Thursday",86
"947",2017-02-09 22:00:00,"2017-02-09","22:00:00","Thursday",79
"948",2017-02-09 23:00:00,"2017-02-09","23:00:00","Thursday",68
"949",2017-02-10 00:00:00,"2017-02-10","00:00:00","Friday",71
"950",2017-02-10 01:00:00,"2017-02-10","01:00:00","Friday",75
"951",2017-02-10 02:00:00,"2017-02-10","02:00:00","Friday",111
"952",2017-02-10 03:00:00,"2017-02-10","03:00:00","Friday",166
"953",2017-02-10 04:00:00,"2017-02-10","04:00:00","Friday",225
"954",2017-02-10 05:00:00,"2017-02-10","05:00:00","Friday",278
"955",2017-02-10 06:00:00,"2017-02-10","06:00:00","Friday",144
"956",2017-02-10 07:00:00,"2017-02-10","07:00:00","Friday",71
"957",2017-02-10 08:00:00,"2017-02-10","08:00:00","Friday",70
"958",2017-02-10 09:00:00,"2017-02-10","09:00:00","Friday",73
"959",2017-02-10 10:00:00,"2017-02-10","10:00:00","Friday",39
"960",2017-02-10 11:00:00,"2017-02-10","11:00:00","Friday",36
